{
    "expression": "if 1 + 2 = 3 then true else false",
    "type": "Bool",
    "rule": "T-If",
    "hypotheses": [
        {
            "expression": "1+2=3",
            "type": "Bool",
            "rule": "T-Eq",
            "hypotheses": [
                {
                    "expression": "1+2",
                    "type": "Nat",
                    "rule": "T-Add",
                    "hypotheses": [
                        {
                            "expression": "1",
                            "type": "Nat",
                            "rule": "T-Nat",
                            "hypotheses": []
                        },
                        {
                            "expression": "2",
                            "type": "Nat",
                            "rule": "T-Nat",
                            "hypotheses": []
                        }
                    ]
                },
                {
                    "expression": "3",
                    "type": "Nat",
                    "rule": "Nat",
                    "hypotheses": []
                }
            ]
        },
        {
            "expression": "true",
            "type": "Bool",
            "rule": "T-True",
            "hypotheses": []
        },
        {
            "expression": "false",
            "type": "Bool",
            "rule": "T-False",
            "hypotheses": []
        }
    ]
}